sistema,método,h,T solicitado,T efectivo,max absoluto,max relativo,error final,evaluaciones fuerza
Oscilador,BM4,0.4,10,10,3.617934554722702e-06,7.235869109445403e-06,-1.071662556029196e-06,150
Oscilador,BM4,0.4,100,100,3.620995923325765e-06,7.24199184665153e-06,-9.285605127029584e-07,1500
Oscilador,BM4,0.4,1000,1000,3.621020246813433e-06,7.242040493626867e-06,-2.47464776442774e-06,15000
Oscilador,BM4,0.4,10000,10000,3.621021728739127e-06,7.242043457478253e-06,-3.310267828737778e-07,150000
Oscilador,BM4,0.2,10,10,2.24108968549519e-07,4.48217937099038e-07,-6.638361504940349e-08,300
Oscilador,BM4,0.2,100,100,2.242986322231744e-07,4.485972644463487e-07,-5.751237230899875e-08,3000
Oscilador,BM4,0.2,1000,1000,2.243000546964247e-07,4.486001093928493e-07,-1.533562785649423e-07,30000
Oscilador,BM4,0.2,10000,10000,2.24300197970706e-07,4.48600395941412e-07,-2.092180351187523e-08,300000
Oscilador,BM4,0.1,10,10,1.398557397669364e-08,2.797114795338729e-08,-4.139790510393482e-09,600
Oscilador,BM4,0.1,100,100,1.398762289328559e-08,2.797524578657118e-08,-3.586539176758663e-09,6000
Oscilador,BM4,0.1,1000,1000,1.398771698468693e-08,2.797543396937385e-08,-9.563797309652955e-09,60000
Oscilador,BM4,0.1,10000,10000,1.398773485927762e-08,2.797546971855525e-08,-1.306321273375488e-09,600000
Oscilador,BM4,0.05,10,10,8.737346957055081e-10,1.747469391411016e-09,-2.585927028064816e-10,1200
Oscilador,BM4,0.05,100,100,8.737460199803593e-10,1.747492039960719e-09,-2.240355678750916e-10,12000
Oscilador,BM4,0.05,1000,1000,8.737551793203124e-10,1.747510358640625e-09,-5.97399796298248e-10,120000
Oscilador,BM4,0.05,10000,10000,8.737602308350745e-10,1.747520461670149e-09,-8.158490549803332e-11,1200000
Oscilador,RK4,0.4,10,10,0.000696422860146928,0.001392845720293856,-0.000696422860146928,100
Oscilador,RK4,0.4,100,100,0.006920739903777284,0.01384147980755457,-0.006920739903777284,1000
Oscilador,RK4,0.4,1000,1000,0.06505202107161301,0.130104042143226,-0.06505202107161301,10000
Oscilador,RK4,0.4,10000,10000,0.3759367561203971,0.7518735122407942,-0.3759367561203971,100000
Oscilador,RK4,0.2,10,10,2.211063199497598e-05,4.422126398995196e-05,-2.211063199497598e-05,200
Oscilador,RK4,0.2,100,100,0.0002210623259315536,0.0004421246518631072,-0.0002210623259315536,2000
Oscilador,RK4,0.2,1000,1000,0.002206230271063037,0.004412460542126073,-0.002206230271063037,20000
Oscilador,RK4,0.2,10000,10000,0.02162934702266567,0.04325869404533134,-0.02162934702266567,200000
Oscilador,RK4,0.1,10,10,6.935759128690044e-07,1.387151825738009e-06,-6.935759128690044e-07,400
Oscilador,RK4,0.1,100,100,6.935715833211731e-06,1.387143166642346e-05,-6.935715833211731e-06,4000
Oscilador,RK4,0.1,1000,1000,6.935282911074703e-05,0.0001387056582214941,-6.935282911074703e-05,40000
Oscilador,RK4,0.1,10000,10000,0.0006930955678265405,0.001386191135653081,-0.0006930955678265405,400000
Oscilador,RK4,0.05,10,10,2.16946075548563e-08,4.338921510971261e-08,-2.16946075548563e-08,800
Oscilador,RK4,0.05,100,100,2.169460251444377e-07,4.338920502888755e-07,-2.169460251444377e-07,8000
Oscilador,RK4,0.05,1000,1000,2.169456013945137e-06,4.338912027890274e-06,-2.169456013945137e-06,80000
Oscilador,RK4,0.05,10000,10000,2.169413654556918e-05,4.338827309113835e-05,-2.169413654556918e-05,800000
Péndulo,BM4,0.4,10,10,6.333729757335149e-07,6.815864972429745e-07,-5.192110661411675e-07,150
Péndulo,BM4,0.4,100,100,6.334007270902831e-07,6.816163610843098e-07,-5.160087767075439e-07,1500
Péndulo,BM4,0.4,1000,1000,6.334007270902831e-07,6.816163610843098e-07,-2.760864370454641e-08,15000
Péndulo,BM4,0.4,10000,10000,6.334007882635717e-07,6.816164269142222e-07,-4.839828580127659e-07,150000
Péndulo,BM4,0.2,10,10,3.450388996739662e-08,3.7130389841624e-08,-2.866757564667921e-08,300
Péndulo,BM4,0.2,100,100,3.453261232522209e-08,3.716129859841166e-08,-3.057619912816278e-08,3000
Péndulo,BM4,0.2,1000,1000,3.454183583606607e-08,3.717122421994793e-08,-1.719068887240383e-09,30000
Péndulo,BM4,0.2,10000,10000,3.454186114915103e-08,3.717125145991171e-08,-2.9636860188198e-08,300000
Péndulo,BM4,0.1,10,10,2.085564831943998e-09,2.2443218814816e-09,-1.733563737005284e-09,600
Péndulo,BM4,0.1,100,100,2.087263362149372e-09,2.246149706945422e-09,-1.889550294009723e-09,6000
Péndulo,BM4,0.1,1000,1000,2.087708228515339e-09,2.246628437361367e-09,-1.069651034413255e-10,60000
Péndulo,BM4,0.1,10000,10000,2.087719441767888e-09,2.246640504187424e-09,-1.841553576298338e-09,600000
Péndulo,BM4,0.05,10,10,1.29310562257956e-10,1.391539212481372e-10,-1.074488276131547e-10,1200
Péndulo,BM4,0.05,100,100,1.293734008811498e-10,1.392215432634665e-10,-1.177616892888977e-10,12000
Péndulo,BM4,0.05,1000,1000,1.293836149329763e-10,1.392325348277956e-10,-6.617484338278246e-12,120000
Péndulo,BM4,0.05,10000,10000,1.294627738346321e-10,1.393177194513465e-10,-1.14970810649595e-10,1200000
Péndulo,RK4,0.4,10,10,0.0008729266447063955,0.0009393754342399101,-0.0008729266447063955,100
Péndulo,RK4,0.4,100,100,0.007299408865998558,0.007855053359607695,-0.007267676172556636,1000
Péndulo,RK4,0.4,1000,1000,0.07134836033835201,0.07677952939297415,-0.07129297537261181,10000
Péndulo,RK4,0.4,10000,10000,0.5561516088285472,0.5984868971690738,-0.5561516088285472,100000
Péndulo,RK4,0.2,10,10,3.061576161211832e-05,3.294628996992341e-05,-3.061576161211832e-05,200
Péndulo,RK4,0.2,100,100,0.0002399793065467337,0.0002582469748895716,-0.0002372260395311354,2000
Péndulo,RK4,0.2,1000,1000,0.002379551828683768,0.002560687711758433,-0.002374996203342694,20000
Péndulo,RK4,0.2,10000,10000,0.02356108354312436,0.02535459676789849,-0.02356103577135116,200000
Péndulo,RK4,0.1,10,10,1.117022025320935e-06,1.202051806362636e-06,-1.117022025320935e-06,400
Péndulo,RK4,0.1,100,100,7.725836722594082e-06,8.313941692769007e-06,-7.507130577955046e-06,4000
Péndulo,RK4,0.1,1000,1000,7.532413088640055e-05,8.105794294313851e-05,-7.505072716806893e-05,40000
Péndulo,RK4,0.1,10000,10000,0.000750088000283089,0.0008071860851733607,-0.0007500790180534622,400000
Péndulo,RK4,0.05,10,10,4.473296777440794e-08,4.813812395663319e-08,-4.456661262253192e-08,800
Péndulo,RK4,0.05,100,100,2.51692927943914e-07,2.708522587965591e-07,-2.36513393536697e-07,8000
Péndulo,RK4,0.05,1000,1000,2.369403238722256e-06,2.54976659237248e-06,-2.35196678022298e-06,80000
Péndulo,RK4,0.05,10000,10000,2.351568845893048e-05,2.530574612599681e-05,-2.349716648275546e-05,800000
