particle,lag,correlation
1,0,1.0
3,0,1.0
5,0,1.0
7,0,1.0
1,1,0.6763156281029447
3,1,0.6053028278129201
5,1,0.6800614165988491
7,1,0.7376844332629356
1,2,-0.05144795115141232
3,2,-0.2523369334482781
5,2,-0.02709728032417383
7,2,0.12676290313137234
1,3,-0.7189426257486283
3,3,-0.901172238157786
5,3,-0.6807574033787572
7,3,-0.5149354979928242
1,4,-0.9547609635563352
3,4,-0.8639913393246154
5,4,-0.9398419807452272
7,4,-0.901312092990483
1,5,-0.6350812723862127
3,5,-0.16763909198566723
5,5,-0.6818679819869693
7,5,-0.8747405668263234
1,6,0.07151018253568633
3,6,0.673048573323329
5,6,-0.02914140218210005
7,6,-0.44664026282419805
1,7,0.7651676261243087
3,7,0.9951873156372303
5,7,0.6777734645843861
7,7,0.20681410986506255
1,8,0.9909531594278768
3,8,0.53182707273885
5,8,0.9982772515144361
7,8,0.7893724195567179
1,9,0.5767305824313359
3,9,-0.3348069835011757
5,9,0.6796884857687119
7,9,0.9894170607624001
1,10,-0.1726189689918625
3,10,-0.9303488661940295
5,10,-0.026147863888822655
7,10,0.6724216674122344
1,11,-0.7912464839790506
3,11,-0.8188930953433784
5,11,-0.6789692045466551
7,11,0.04486811041628171
1,12,-0.939982004527825
3,12,-0.0808254606361082
5,12,-0.9378422519192333
7,12,-0.5741541056011821
1,13,-0.5409377707076777
3,13,0.7349959894230168
5,13,-0.6804512781787737
7,13,-0.9128268994512511
1,14,0.19421676160556953
3,14,0.9810107252914593
5,14,-0.028807842143695278
7,14,-0.8334426362526242
1,15,0.8415010443563896
3,15,0.45315009628271835
5,15,0.6767222075715502
7,15,-0.36960857010394504
1,16,0.9645149716240786
3,16,-0.4147750762216676
5,16,0.9960596937697835
7,16,0.28493933881575656
1,17,0.468792020936885
3,17,-0.9517498041338021
5,17,0.6773264971775461
7,17,0.8277989900200913
1,18,-0.2898294883589589
3,18,-0.7663601949286948
5,18,-0.02785732194836346
7,18,0.9599798903870708
1,19,-0.851097633594804
3,19,0.007652279328155759
5,19,-0.6795951358824873
7,19,0.5962059857420512
1,20,-0.9110519803398645
3,20,0.791157668996273
5,20,-0.9372158942215336
7,20,-0.037102124959673716
1,21,-0.4383625265635951
3,21,0.9581429159290425
5,21,-0.678816527295734
7,21,-0.6240991746520538
1,22,0.314361385619495
3,22,0.3700505515520042
5,22,-0.026689200502808447
7,22,-0.9102367769080064
1,23,0.9039813626512433
3,23,-0.49199592108298634
5,23,0.6786366164569684
7,23,-0.7791801131184556
1,24,0.9219997968011269
3,24,-0.9657871919032615
5,24,0.9970414160833423
7,24,-0.28596085730826715
1,25,0.3546171776616485
3,25,-0.7071463612936818
5,25,0.6769223430131017
7,25,0.3595499299609665
1,26,-0.40155738715917094
3,26,0.0971931662994124
5,26,-0.02936736544728409
7,26,0.8527027266382231
1,27,-0.8980278213639633
3,27,0.8415876145411182
5,27,-0.6815891000173719
7,27,0.9148288306233116
1,28,-0.8686310066134091
3,28,0.9274424599236507
5,28,-0.9390130865014329
7,28,0.5123016645003438
1,29,-0.3287828888778632
3,29,0.283555028487525
5,29,-0.6797058598137484
7,29,-0.11687784920318658
1,30,0.43031574599404965
3,30,-0.566035244905152
5,30,-0.0263362118851511
7,30,-0.6642096006644914
1,31,0.9517356625446193
3,31,-0.9728446553519438
5,31,0.6803197754669119
7,31,-0.8943885887005607
1,32,0.8644675284763029
3,32,-0.6421611424609661
5,32,0.9995976699784863
7,32,-0.7138936446416402
1,33,0.23575059344134017
3,33,0.18694487049467803
5,33,0.6791747743082651
7,33,-0.19822846742755512
1,34,-0.5066878105612624
3,34,0.8861533551651561
5,34,-0.0281234178249363
7,34,0.42847568955449666
1,35,-0.931645187876559
3,35,0.8897369899030225
5,35,-0.6815894207687017
7,35,0.8631426175039808
1,36,-0.8131708092763397
3,36,0.1948237588007866
5,36,-0.9402101177205009
7,36,0.8564082263299702
1,37,-0.21331830669204505
3,37,-0.6362354318020207
5,37,-0.6816258557784123
7,37,0.4234799424895205
1,38,0.5406042161734943
3,38,-0.9731421470594781
5,38,-0.028354225019547243
7,38,-0.19234560044111923
1,39,0.9838080916830052
3,39,-0.572335688698693
5,39,0.6789166141999489
7,39,-0.6937962366943288
1,40,0.7927729533065044
3,40,0.2758461996473084
5,40,0.9994059051826373
7,40,-0.8660956166954166
1,41,0.11372533005137658
3,41,0.9244562027193821
5,41,0.6802841875947969
7,41,-0.6394913612697357
1,42,-0.6039005566666219
3,42,0.8456788123187331
5,42,-0.026222116492002345
7,42,-0.10906608020752455
1,43,-0.951348425601476
3,43,0.10503682695405363
5,43,-0.6795934056649376
7,43,0.48927109440731503
1,44,-0.7450790295003431
3,44,-0.7017451548436189
5,44,-0.938788975691205
7,44,0.8581411017626762
1,45,-0.09331674378330206
3,45,-0.9666756620797686
5,45,-0.6813455748515644
7,45,0.7866775272180201
1,46,0.6433126134503983
3,46,-0.4985205883393831
5,46,-0.0293426877654255
7,46,0.3320552531290935
1,47,0.9989329573211121
3,47,0.3627035489465213
5,47,0.6768016048298184
7,47,-0.2617535070317259
1,48,0.7080230879613156
3,48,0.9558331838002727
5,48,0.9967958005281681
7,48,-0.7122647774088049
1,49,-0.009457902546250953
3,49,0.7956787161022014
5,49,0.6783788499287332
7,49,-0.8262342796362393
1,50,-0.6914895422180433
3,50,0.015295353802795826
5,50,-0.02687202445595739
7,50,-0.5578386960909719
1,51,-0.9564403751815949
3,51,-0.7615948512438439
5,51,-0.6789709642937516
7,51,-0.020868560581226058
1,52,-0.6650164944031962
3,52,-0.9532235205704399
5,52,-0.9371465464834464
7,52,0.5400606391705682
1,53,0.029341241339941645
3,53,-0.42141697097679426
5,53,-0.6793282708003768
7,53,0.8380553577257688
1,54,0.7360965183352856
3,54,0.44629479099535796
5,54,-0.027627882435929434
7,54,0.7080140263511451
1,55,0.9960640504000999
3,55,0.9794334471578449
5,55,0.6775387732667361
7,55,0.24041160559397923
1,56,0.611852715693085
3,56,0.7399065889153762
5,56,0.9961697214111491
7,56,-0.32367530348249507
1,57,-0.13152505352294866
3,57,-0.07346765718229593
5,57,0.6766787496941434
7,57,-0.719382849354489
1,58,-0.7678851864770457
3,58,-0.8148169148860572
5,58,-0.028967639774086847
7,58,-0.7759845404105777
1,59,-0.9466665305994951
3,59,-0.9324137020849991
5,59,-0.6807589574158828
7,59,-0.4709934211385889
1,60,-0.5741729398565975
3,60,-0.3415343942039114
5,60,-0.9380439456393752
7,60,0.06414880917188169
1,61,0.1524375646846464
3,61,0.5255089304867527
5,61,-0.6789823669842204
7,61,0.5794511636560347
1,62,0.8169002853783253
3,62,0.9943750709365519
5,62,-0.026115177277093254
7,62,0.8044163176416881
1,63,0.9754305822297034
3,63,0.6783599877917067
5,63,0.6798708904722787
7,63,0.6231767031624292
1,64,0.506499848705652
3,64,-0.1605604939510717
5,64,0.9985605434210462
7,64,0.15106056891311884
1,65,-0.2502985134048759
3,65,-0.860603370485549
5,65,0.6780266831485252
7,65,-0.3767919468135569
1,66,-0.8320647976112214
3,66,-0.90385250514774
5,66,-0.028995165100899962
7,66,-0.7151167938006087
1,67,-0.9224921232543478
3,67,-0.2591902848389797
5,67,-0.6819595846382631
7,67,-0.7166234862631031
1,68,-0.4742895835486837
3,68,0.5994986108747841
5,68,-0.9399754064516471
7,68,-0.38117189064494167
1,69,0.2736738503742757
3,69,0.9999682522930656
5,69,-0.6808780934907538
7,69,0.14362241165538198
1,70,0.8842299831667717
3,70,0.6110079201055427
5,70,-0.02732997494380484
7,70,0.6058557078897037
1,71,0.9382732151186715
3,71,-0.2455539730348483
5,71,0.6798976864650276
7,71,0.7586537957447265
1,72,0.3942602282493121
3,72,-0.898459595976046
5,72,0.9999786949886504
7,72,0.5345225857788959
1,73,-0.3640362470029731
3,73,-0.8673007094516608
5,73,0.6801839438135823
7,73,0.06621054286398004
1,74,-0.8834537525738014
3,74,-0.17458338470812776
5,74,-0.026886777123854573
7,74,-0.4198946761963276
1,75,-0.8846230886616342
3,75,0.6677755037617643
5,75,-0.6805367390268312
7,75,-0.6994727910291625
1,76,-0.3669723525217021
3,76,0.9959320441611053
5,76,-0.9396854300452678
7,76,-0.6493018825001775
1,77,0.3912218958753729
3,77,0.537978301642633
5,77,-0.6818368279201769
7,77,-0.29046500215632765
1,78,0.9371145221346161
3,78,-0.32821869606908527
5,78,-0.02925166760536748
7,78,0.21529204633527507
1,79,0.8857775077133783
3,79,-0.9282801890141716
5,79,0.6775393116882088
7,79,0.6179808850233452
1,80,0.27683788229081
3,80,-0.8228297030070737
5,80,0.9979896230253733
7,80,0.7021610679982108
